{"_wandb":{"runtime":6863},"avg_loss":71.7008521270752,"episodes":100000,"_timestamp":1.7506493817445107e+09,"_runtime":6863.859254772,"_step":100000,"avg_return":-221.92207733243703}