{"_runtime":1991.984765092,"avg_return":-443.2936590105295,"avg_loss":104.57498359680176,"episodes":26800,"_wandb":{"runtime":1991},"_step":26802,"loss":107.06178283691406,"_timestamp":1.7506370800269716e+09}