{"avg_return":-227.0280467519164,"_runtime":7262.826724851,"grad_norm":233.06829833984375,"reward_loss":12.496346473693848,"episodes":100000,"total_loss":74.8978271484375,"value_loss":58.7094841003418,"_step":100000,"_wandb":{"runtime":7262},"learning_rate":3.7401190638775006e-05,"_timestamp":1.7506950056696389e+09,"policy_loss":3.6920013427734375}