{"avg_return":-52.8434448184073,"avg_loss":0.3713903439044952,"_wandb":{"runtime":29560},"policy_loss":1.5620028972625732,"learning_rate":4.96847860631533e-05,"total_loss":0.26546433568000793,"value_loss":1.6427860260009766,"_runtime":29560.981145936,"episodes":100000,"reward_loss":0.5818257927894592,"_timestamp":1.7515259197076924e+09,"consistency_loss":-0.9925384521484375,"_step":100000,"grad_norm":0.09359137713909149}